label,mode,ctx_chars,concurrency,prompt_tok,out_tok,ttft_p50_ms,ttft_p99_ms,tpot_p50_ms,tpot_p99_ms,agg_tok_s,ok,fail,sample_tail
baseline,throughput,2048,1,1069,512,352.0,352.0,48.6,48.6,33.1,3,0,ok
baseline,throughput,2048,2,1069,512,412.8,413.3,47.1,47.2,63.0,6,0,ok
baseline,throughput,2048,4,1069,512,410.8,442.2,47.5,47.5,129.9,12,0,ok
baseline,throughput,2048,8,1069,512,458.4,795.4,57.1,58.6,203.2,24,0,ok
baseline,throughput,2048,16,1069,512,871.5,1230.5,59.8,71.1,353.7,48,0,ok
baseline,throughput,2048,32,1069,512,1232.8,2258.7,71.1,88.6,521.0,96,0,ok
baseline,latency,64,1,11,8,221.8,,47.9,,19.1,5,0,ok
baseline,latency,256,1,141,8,292.4,,45.0,,16.9,5,0,ok
baseline,latency,512,1,257,8,375.3,,44.8,,14.4,5,0,ok
baseline,latency,1024,1,547,8,297.9,,45.7,,16.3,5,0,ok
baseline,latency,2048,1,1069,8,298.7,,49.8,,16.1,5,0,ok
baseline,latency,4096,1,2171,8,307.7,,49.7,,16.0,5,0,ok
baseline,latency,8192,1,4375,8,581.9,,48.9,,10.3,5,0,ok
baseline,latency,16384,1,8725,8,921.5,,44.8,,7.1,5,0,ok
tidalcache,throughput,2048,1,1069,512,515.7,515.7,46.2,46.2,30.3,3,0,ok
tidalcache,throughput,2048,2,1069,512,776.0,1081.8,52.6,60.4,46.2,6,0,ok
tidalcache,throughput,2048,4,1069,512,705.3,707.0,45.6,46.5,102.5,12,0,ok
tidalcache,throughput,2048,8,1069,512,677.3,1323.6,59.2,63.9,160.6,24,0,ok
tidalcache,throughput,2048,16,1069,512,1406.5,2086.8,66.3,89.8,265.6,48,0,ok
tidalcache,throughput,2048,32,1069,512,2464.4,3649.3,80.7,132.1,396.1,96,0,ok
tidalcache,latency,64,1,11,8,293.8,,45.9,,16.0,5,0,ok
tidalcache,latency,256,1,141,8,464.6,,50.0,,12.2,5,0,ok
tidalcache,latency,512,1,257,8,486.0,,50.2,,11.7,5,0,ok
tidalcache,latency,1024,1,547,8,491.9,,50.3,,11.5,5,0,ok
tidalcache,latency,2048,1,1069,8,510.4,,50.8,,11.2,5,0,ok
tidalcache,latency,4096,1,2171,8,480.2,,51.2,,11.7,5,0,ok
tidalcache,latency,8192,1,4375,8,963.4,,51.6,,6.9,5,0,ok
tidalcache,latency,16384,1,8725,8,1448.4,,50.8,,4.9,5,0,ok
